Partiel,RPM,Speed GPS,T1,T2,Gf. X,Gf. Y,Orientation,Speed rear,Lat.,Lon.,Altitude
1,13879,1023,0,0,872,1025,12919,0,41566097.20466802,44949769.97552093,4030
1,13856,1018,0,0,870,1045,12816,0,41566091,44949782,4030
1,13037,1005,0,0,866,1057,12650,0,41566083,44949796,4030
1,12096,985,0,0,870,1070,12459,0,41566070,44949824,4030
1,11406,963,0,0,869,1074,12236,0,41566058,44949853,4030
1,10808,937,0,0,862,1071,12003,0,41566046,44949883,4030
1,10932,908,0,0,848,1061,11795,0,41566036,44949911,4030
1,11111,886,0,0,853,1044,11586,0,41566026,44949939,4030
1,11630,866,0,0,848,1031,11314,0,41566018,44949968,4030
1,11518,851,0,0,858,1019,11072,0,41566011,44949994,4030
1,11838,846,0,0,858,1008,10754,0,41566006,44950023,4030
1,11990,839,0,0,843,1018,10407,0,41566003,44950051,4030
1,11811,837,0,0,838,1029,9985,0,41566001,44950080,4030
1,12104,831,0,0,832,1034,9723,0,41566000,44950106,4030
1,12320,814,0,0,819,1018,9384,0,41566000,44950135,4030
1,11522,803,0,0,820,1010,9156,0,41566000,44950163,4020
1,11612,805,0,0,841,998,8780,0,41566001,44950191,4020
1,11585,803,0,0,844,1005,8117,0,41566006,44950218,4020
1,11439,809,0,0,859,986,7773,0,41566011,44950243,4020
1,11476,817,0,0,866,991,7335,0,41566018,44950270,4020
1,11474,819,0,0,872,976,6911,0,41566026,44950295,4020
1,11500,826,0,0,883,982,6540,0,41566036,44950320,4010
1,11596,834,0,0,893,982,6160,0,41566046,44950343,4010
1,11723,841,0,0,907,986,5865,0,41566058,44950366,4010
1,11725,845,0,0,931,984,5622,0,41566071,44950390,4010
1,11718,851,0,0,956,983,5319,0,41566085,44950411,4010
1,11773,857,0,0,983,985,5041,0,41566098,44950433,4010
1,11878,863,0,0,1011,986,4811,0,41566113,44950453,4010
1,11921,868,0,0,1031,983,4648,0,41566128,44950475,4010
1,12065,872,0,0,1050,985,4578,0,41566143,44950495,4010
1,12229,880,0,0,1061,985,4552,0,41566158,44950515,4000
1,12118,885,0,0,1062,991,4560,0,41566173,44950536,4000
1,12381,888,0,0,1061,987,4629,0,41566190,44950558,4000
1,12145,893,0,0,1052,984,4771,0,41566203,44950580,4000
1,12180,897,0,0,1042,988,4906,0,41566218,44950603,4000
1,12242,904,0,0,1037,987,5082,0,41566231,44950625,4000
1,12302,908,0,0,1035,990,5200,0,41566246,44950650,4000
1,12394,911,0,0,1027,985,5272,0,41566260,44950673,4000
1,12430,916,0,0,1024,987,5393,0,41566273,44950698,4000
1,12502,921,0,0,1018,986,5432,0,41566286,44950723,4000
1,12578,926,0,0,1007,990,5505,0,41566298,44950748,4000
1,12626,931,0,0,992,1009,5573,0,41566311,44950773,4000
1,12674,934,0,0,974,1036,5619,0,41566325,44950800,3990
1,12427,927,0,0,952,1057,5659,0,41566338,44950825,3990
1,11714,907,0,0,929,1061,5672,0,41566350,44950851,3990
1,11370,884,0,0,908,1060,5684,0,41566363,44950878,3990
1,11078,863,0,0,888,1065,5645,0,41566375,44950903,3990
1,11072,842,0,0,875,1073,5539,0,41566388,44950926,3990
1,10542,817,0,0,872,1065,5393,0,41566401,44950950,3990
1,10311,789,0,0,868,1059,5171,0,41566415,44950971,3990
1,9873,768,0,0,868,1048,4914,0,41566428,44950991,3980
1,9528,751,0,0,874,1052,4599,0,41566441,44951010,3980
1,9282,732,0,0,876,1049,4185,0,41566456,44951026,3980
1,9071,714,0,0,874,1047,3809,0,41566471,44951041,3990
1,8983,696,0,0,877,1047,3477,0,41566488,44951055,3980
1,8858,680,0,0,870,1035,3072,0,41566503,44951066,3980
1,8743,663,0,0,869,1028,2669,0,41566520,44951076,3980
1,9205,652,0,0,863,1014,2238,0,41566535,44951085,3980
1,9270,645,0,0,862,1018,1794,0,41566551,44951090,3980
1,9118,639,0,0,860,1016,1337,0,41566568,44951095,3980
1,9033,634,0,0,867,1019,880,0,41566583,44951096,3980
1,8861,626,0,0,871,1015,266,0,41566600,44951096,3980
1,8833,620,0,0,879,1013,35739,0,41566616,44951095,3980
1,8800,615,0,0,878,1005,35111,0,41566631,44951090,3980
1,8626,610,0,0,875,1007,34586,0,41566646,44951083,3980
1,8668,609,0,0,871,1002,34045,0,41566661,44951076,3980
1,8655,608,0,0,871,1010,33521,0,41566674,44951066,3980
1,8655,605,0,0,864,1011,33018,0,41566686,44951055,3980
1,8676,602,0,0,869,1012,32529,0,41566699,44951043,3990
1,8643,595,0,0,874,1005,31948,0,41566709,44951028,3990
1,8614,591,0,0,876,998,31316,0,41566719,44951011,3990
1,8543,592,0,0,881,997,30690,0,41566727,44950995,3990
1,8592,593,0,0,893,995,30150,0,41566734,44950978,3990
1,8580,594,0,0,893,990,29467,0,41566739,44950958,3990
1,8494,597,0,0,892,990,28982,0,41566742,44950940,3990
1,8413,602,0,0,897,996,28434,0,41566746,44950920,3990
1,8543,605,0,0,893,1006,27849,0,41566747,44950900,3990
1,8703,604,0,0,887,1008,27431,0,41566747,44950880,3990
1,8827,600,0,0,883,1005,27053,0,41566746,44950858,3990
1,8850,597,0,0,887,998,26593,0,41566744,44950838,3990
1,8751,597,0,0,894,992,26039,0,41566741,44950818,3990
1,8745,598,0,0,899,985,25559,0,41566737,44950798,3990
1,8712,602,0,0,905,979,25052,0,41566731,44950780,3990
1,8693,609,0,0,915,979,24534,0,41566724,44950761,3990
1,8723,617,0,0,917,980,23964,0,41566716,44950745,3990
1,8811,624,0,0,919,983,23496,0,41566706,44950728,4000
1,8884,630,0,0,925,983,23190,0,41566696,44950711,4000
1,8949,637,0,0,930,981,22837,0,41566684,44950696,4000
1,8996,642,0,0,943,980,22491,0,41566672,44950681,4000
1,9041,649,0,0,957,978,22180,0,41566661,44950668,4000
1,9093,657,0,0,966,980,21814,0,41566648,44950655,4000
1,9139,665,0,0,974,979,21562,0,41566635,44950643,4000
1,9223,672,0,0,980,980,21354,0,41566621,44950631,4000
1,9313,680,0,0,981,981,21151,0,41566606,44950620,4000
1,9399,687,0,0,986,982,21098,0,41566591,44950608,4000
1,9496,693,0,0,992,982,21018,0,41566576,44950596,4000
1,9577,699,0,0,1003,981,20942,0,41566561,44950586,4000
1,9672,706,0,0,1017,980,20893,0,41566546,44950575,4000
1,9762,713,0,0,1032,983,20810,0,41566530,44950565,4000
1,9853,721,0,0,1046,984,20788,0,41566515,44950553,4000
1,9955,726,0,0,1061,986,20792,0,41566500,44950543,4010
1,10060,731,0,0,1070,983,20819,0,41566483,44950531,4010
1,10126,737,0,0,1088,983,20951,0,41566468,44950520,4010
1,10200,743,0,0,1098,983,21081,0,41566451,44950506,4010
1,10281,749,0,0,1103,984,21286,0,41566436,44950493,4010
1,10389,755,0,0,1107,983,21504,0,41566421,44950478,4010
1,10480,761,0,0,1108,985,21739,0,41566406,44950463,4010
1,10507,767,0,0,1103,988,22000,0,41566393,44950446,4010
1,10544,772,0,0,1104,987,22373,0,41566380,44950428,4010
1,10582,775,0,0,1113,987,22693,0,41566366,44950408,4010
1,10638,781,0,0,1113,986,22960,0,41566355,44950388,4010
1,10733,786,0,0,1134,998,23231,0,41566343,44950368,4010
1,10871,790,0,0,1134,999,23498,0,41566333,44950346,4010
1,10978,789,0,0,1150,1007,23777,0,41566323,44950325,4010
1,11070,788,0,0,1150,1003,24093,0,41566313,44950301,4010
1,11001,786,0,0,1165,1005,24453,0,41566306,44950276,4020
1,11171,783,0,0,1156,1002,24715,0,41566298,44950253,4020
1,11025,783,0,0,1164,1003,25257,0,41566293,44950228,4020
1,11088,782,0,0,1143,1003,25529,0,41566290,44950203,4020
1,10982,780,0,0,1127,996,26066,0,41566286,44950176,4020
1,10911,779,0,0,1111,996,26427,0,41566286,44950151,4020
1,10750,782,0,0,1091,984,26893,0,41566286,44950125,4020
1,10670,784,0,0,1083,992,27339,0,41566288,44950100,4020
1,10768,789,0,0,1083,986,27718,0,41566291,44950075,4020
1,10842,794,0,0,1090,993,27978,0,41566295,44950048,4020
1,10964,795,0,0,1092,989,28128,0,41566300,44950023,4020
1,10972,800,0,0,1097,991,28374,0,41566305,44949998,4020
1,11001,804,0,0,1092,992,28547,0,41566310,44949971,4020
1,11078,806,0,0,1088,986,28805,0,41566316,44949946,4020
1,11106,810,0,0,1085,989,29056,0,41566325,44949923,4020
1,11111,816,0,0,1085,992,29279,0,41566333,44949898,4020
1,11133,819,0,0,1090,992,29542,0,41566341,44949873,4020
1,11166,819,0,0,1079,994,29775,0,41566351,44949849,4020
1,11244,819,0,0,1073,987,29962,0,41566361,44949826,4020
1,11293,823,0,0,1066,985,30146,0,41566373,44949804,4020
1,11325,829,0,0,1055,985,30324,0,41566385,44949781,4020
1,11365,834,0,0,1032,990,30324,0,41566396,44949760,4020
1,11411,839,0,0,1025,989,30633,0,41566408,44949738,4030
1,11454,843,0,0,1017,993,30733,0,41566421,44949714,4030
1,11500,846,0,0,1012,989,30842,0,41566435,44949693,4030
1,11556,849,0,0,1007,989,30936,0,41566448,44949673,4030
1,11605,853,0,0,1007,986,30980,0,41566461,44949651,4030
1,11659,858,0,0,1005,991,31010,0,41566476,44949629,4030
1,11709,862,0,0,1003,990,31029,0,41566490,44949608,4030
1,11753,865,0,0,1002,994,31042,0,41566503,44949586,4030
1,11804,868,0,0,1004,988,31082,0,41566518,44949564,4030
1,11836,871,0,0,1002,993,31065,0,41566531,44949543,4030
1,11881,874,0,0,1002,990,31093,0,41566546,44949521,4030
1,11923,878,0,0,1006,993,31098,0,41566560,44949499,4030
1,11964,880,0,0,1004,993,31089,0,41566575,44949476,4030
1,12004,883,0,0,1004,999,31117,0,41566590,44949454,4040
1,12038,885,0,0,1003,1018,31118,0,41566603,44949433,4040
1,12082,884,0,0,1002,1040,31123,0,41566618,44949411,4040
1,11750,874,0,0,999,1060,31129,0,41566633,44949388,4040
1,11096,854,0,0,1002,1069,31163,0,41566648,44949366,4040
1,10760,830,0,0,1007,1075,31172,0,41566663,44949344,4040
1,10335,804,0,0,1013,1072,31166,0,41566676,44949323,4040
1,10060,777,0,0,1023,1073,31161,0,41566689,44949303,4040
1,9845,752,0,0,1034,1072,31153,0,41566702,44949283,4040
1,9354,727,0,0,1045,1072,31165,0,41566716,44949263,4040
1,8973,699,0,0,1058,1071,31210,0,41566729,44949244,4040
1,8804,675,0,0,1072,1064,31287,0,41566741,44949228,4040
1,8451,650,0,0,1081,1060,31363,0,41566754,44949211,4040
1,8233,627,0,0,1089,1057,31530,0,41566766,44949196,4040
1,8067,608,0,0,1097,1050,31754,0,41566777,44949181,4040
1,7876,587,0,0,1100,1036,32031,0,41566791,44949168,4040
1,7779,569,0,0,1097,1020,32415,0,41566804,44949158,4040
1,7810,565,0,0,1101,1010,32842,0,41566816,44949148,4040
1,7987,563,0,0,1106,1001,33293,0,41566829,44949139,4040
1,8081,559,0,0,1099,993,33805,0,41566842,44949134,4040
1,8105,562,0,0,1099,997,34377,0,41566856,44949129,4040
1,8089,566,0,0,1110,1003,34903,0,41566871,44949128,4040
1,8133,564,0,0,1102,998,35326,0,41566884,44949126,4040
1,8307,562,0,0,1108,993,35890,0,41566899,44949126,4040
1,8288,565,0,0,1115,991,536,0,41566912,44949129,4040
1,8200,569,0,0,1122,993,920,0,41566927,44949133,4040
1,8190,571,0,0,1116,1000,1451,0,41566941,44949138,4040
1,8061,574,0,0,1121,998,2122,0,41566952,44949146,4040
1,8108,573,0,0,1113,1002,2487,0,41566966,44949154,4040
1,8134,572,0,0,1110,995,3283,0,41566977,44949166,4040
1,8222,574,0,0,1109,999,3806,0,41566989,44949179,4040
1,8333,575,0,0,1112,1000,4490,0,41566997,44949193,4040
1,8318,575,0,0,1118,1001,5015,0,41567006,44949208,4040
1,8382,575,0,0,1120,1001,5489,0,41567014,44949223,4040
1,8364,574,0,0,1127,1001,6081,0,41567021,44949241,4040
1,8430,573,0,0,1127,997,6537,0,41567026,44949258,4040
1,8334,573,0,0,1123,997,7174,0,41567029,44949276,4040
1,8367,575,0,0,1121,997,7784,0,41567031,44949296,4040
1,8357,576,0,0,1117,997,8412,0,41567031,44949314,4040
1,8320,577,0,0,1109,995,9053,0,41567031,44949334,4040
1,8375,579,0,0,1106,994,9685,0,41567027,44949354,4040
1,8426,581,0,0,1109,988,10307,0,41567022,44949373,4040
1,8460,584,0,0,1103,973,10808,0,41567017,44949391,4040
1,8575,589,0,0,1091,968,11388,0,41567011,44949408,4040
1,8651,602,0,0,1085,963,11902,0,41567004,44949426,4040
1,8664,616,0,0,1071,973,12322,0,41566994,44949441,4040
1,8691,626,0,0,1052,969,12851,0,41566984,44949458,4040
1,8784,637,0,0,1038,974,13353,0,41566972,44949473,4030
1,8892,647,0,0,1031,975,13743,0,41566961,44949486,4030
1,9014,657,0,0,1019,972,13944,0,41566949,44949499,4030
1,9117,664,0,0,1009,974,14165,0,41566936,44949513,4030
1,9249,675,0,0,1004,971,14335,0,41566922,44949526,4030
1,9375,686,0,0,998,976,14417,0,41566909,44949538,4030
1,9507,694,0,0,996,972,14500,0,41566894,44949551,4030
1,9650,704,0,0,996,972,14540,0,41566881,44949564,4030
1,9767,714,0,0,997,972,14541,0,41566866,44949578,4030
1,9904,724,0,0,998,973,14522,0,41566851,44949591,4030
1,10018,734,0,0,997,974,14500,0,41566836,44949604,4030
1,10145,743,0,0,996,976,14484,0,41566822,44949619,4030
1,10277,752,0,0,993,975,14484,0,41566807,44949633,4030
1,10407,761,0,0,989,977,14482,0,41566791,44949648,4030
1,10511,770,0,0,987,974,14484,0,41566776,44949663,4020
1,10634,778,0,0,985,974,14477,0,41566761,44949676,4020
1,10750,787,0,0,982,975,14459,0,41566744,44949691,4020
1,10873,798,0,0,981,976,14435,0,41566729,44949706,4020
1,10974,805,0,0,978,980,14401,0,41566712,44949723,4020
1,11098,813,0,0,963,992,14345,0,41566696,44949738,4020
1,11208,821,0,0,954,1018,14312,0,41566681,44949754,4020
1,11074,820,0,0,933,1037,14270,0,41566665,44949771,4020
1,10770,807,0,0,922,1048,14221,0,41566648,44949788,4020
1,10552,791,0,0,902,1046,14174,0,41566633,44949806,4020
1,9813,774,0,0,889,1052,14088,0,41566616,44949823,4020
1,10036,756,0,0,884,1041,13863,0,41566603,44949841,4020
1,9451,738,0,0,879,1047,13695,0,41566588,44949859,4020
1,9749,724,0,0,874,1034,13354,0,41566576,44949878,4020
1,9514,708,0,0,876,1035,13135,0,41566565,44949896,4020
1,9498,694,0,0,884,1016,12719,0,41566553,44949916,4020
1,9478,686,0,0,877,1014,12245,0,41566545,44949938,4020
1,9453,680,0,0,879,1006,11945,0,41566538,44949958,4010
1,9630,677,0,0,866,1010,11448,0,41566531,44949979,4010
1,9699,675,0,0,861,1012,11090,0,41566526,44950001,4010
1,9675,671,0,0,856,1019,10653,0,41566521,44950023,4010
1,9638,664,0,0,850,1020,10245,0,41566520,44950046,4010
1,9543,657,0,0,850,1018,9803,0,41566518,44950068,4010
1,9414,650,0,0,858,1011,9316,0,41566518,44950091,4010
1,9366,643,0,0,860,1007,8693,0,41566520,44950113,4010
1,9375,641,0,0,864,1011,8127,0,41566523,44950135,4010
1,9332,640,0,0,876,1021,7592,0,41566528,44950156,4010
1,9290,633,0,0,879,1021,6975,0,41566535,44950176,4010
1,9037,624,0,0,882,1015,6450,0,41566541,44950196,4010
1,8782,617,0,0,886,1012,5934,0,41566550,44950215,4000
1,8801,613,0,0,882,1015,5369,0,41566560,44950231,4000
1,8818,608,0,0,876,1016,4874,0,41566571,44950246,4000
1,8745,601,0,0,878,1012,4455,0,41566581,44950260,4000
1,8783,596,0,0,877,1006,3935,0,41566595,44950273,4000
1,8678,592,0,0,876,1004,3448,0,41566606,44950283,4000
1,8669,591,0,0,880,1006,2911,0,41566620,44950293,4000
1,8674,590,0,0,879,1001,2286,0,41566635,44950300,4000
1,8604,586,0,0,875,1002,1682,0,41566650,44950305,4000
1,8589,587,0,0,876,995,1177,0,41566665,44950308,4000
1,8521,588,0,0,883,997,635,0,41566677,44950310,4000
1,8434,588,0,0,887,990,44,0,41566692,44950310,4000
1,8248,591,0,0,892,992,35500,0,41566707,44950306,4000
1,8230,595,0,0,904,992,34878,0,41566722,44950301,4000
1,8353,597,0,0,913,996,34271,0,41566736,44950295,4000
1,8481,599,0,0,913,991,33761,0,41566749,44950286,4000
1,8559,601,0,0,923,994,33355,0,41566762,44950276,4000
1,8479,604,0,0,927,988,32917,0,41566774,44950265,4000
1,8479,604,0,0,927,988,32917,0,41566780,44950259,4000
1,8486,607,0,0,932,984,32437,0,41566786,44950253,4000
1,8488,611,0,0,936,980,32119,0,41566797,44950240,4000
1,8557,619,0,0,948,981,31841,0,41566809,44950226,4000
1,8628,627,0,0,954,984,31441,0,41566819,44950211,4000
1,8661,633,0,0,968,983,31233,0,41566829,44950195,4000
1,8742,639,0,0,978,983,30886,0,41566837,44950178,4000
1,8833,645,0,0,989,982,30681,0,41566847,44950160,4000
1,9040,651,0,0,996,983,30506,0,41566856,44950143,4000
1,9082,657,0,0,1002,983,30388,0,41566864,44950125,4000
1,9131,664,0,0,1012,984,30324,0,41566872,44950106,4000
1,9192,670,0,0,1012,984,30260,0,41566881,44950088,4000
1,9329,676,0,0,1011,983,30263,0,41566891,44950068,4000
1,9420,681,0,0,1014,986,30312,0,41566899,44950050,4000
1,9407,687,0,0,1018,980,30324,0,41566909,44950031,4000
1,9495,692,0,0,1018,982,30371,0,41566917,44950013,4010
1,9558,699,0,0,1029,981,30481,0,41566927,44949993,4010
1,9682,707,0,0,1037,988,30489,0,41566937,44949974,4010
1,9732,712,0,0,1041,986,30516,0,41566947,44949956,4010
1,9834,716,0,0,1042,985,30578,0,41566959,44949936,4010
1,9896,721,0,0,1043,981,30679,0,41566969,44949918,4010
1,9946,727,0,0,1038,985,30786,0,41566981,44949899,4010
1,10000,734,0,0,1030,984,30959,0,41566992,44949881,4010
1,10082,739,0,0,1021,985,31112,0,41567004,44949863,4010
1,10167,744,0,0,1014,983,31230,0,41567016,44949844,4010
1,10221,750,0,0,1009,981,31341,0,41567029,44949828,4010
1,10300,756,0,0,999,985,31450,0,41567042,44949809,4010
1,10387,763,0,0,990,983,31549,0,41567056,44949793,4010
1,10454,768,0,0,981,987,31572,0,41567069,44949774,4010
1,10524,773,0,0,961,986,31554,0,41567082,44949758,4010
1,10600,779,0,0,938,987,31565,0,41567097,44949739,4010
1,10708,783,0,0,918,991,31588,0,41567111,44949721,4010
1,10806,788,0,0,899,989,31548,0,41567124,44949703,4010
1,10928,791,0,0,885,994,31453,0,41567137,44949684,4010
1,10993,794,0,0,873,992,31309,0,41567151,44949664,4010
1,11066,797,0,0,869,997,31069,0,41567164,44949644,4010
1,11082,798,0,0,865,1002,30783,0,41567176,44949623,4010
1,11175,800,0,0,856,1000,30492,0,41567186,44949601,4020
1,11102,797,0,0,845,1003,30161,0,41567196,44949578,4020
1,11169,797,0,0,853,1001,29849,0,41567204,44949553,4020
1,11252,798,0,0,856,1000,29463,0,41567212,44949528,4020
1,11286,794,0,0,879,996,29131,0,41567219,44949503,4020
1,11219,796,0,0,936,986,28792,0,41567224,44949478,4020
1,11204,800,0,0,998,998,28338,0,41567227,44949451,4020
1,11162,804,0,0,1037,992,27885,0,41567229,44949424,4020
1,11082,805,0,0,1089,999,27590,0,41567231,44949398,4020
1,11271,805,0,0,1132,998,27300,0,41567231,44949371,4020
1,11344,808,0,0,1141,998,27260,0,41567232,44949344,4020
1,11574,806,0,0,1128,1012,27528,0,41567234,44949318,4020
1,11443,807,0,0,1150,1018,27867,0,41567237,44949291,4020
1,11310,803,0,0,1148,1016,28058,0,41567242,44949264,4020
1,11325,790,0,0,1147,1014,28420,0,41567247,44949239,4020
1,11507,788,0,0,1146,1007,28915,0,41567254,44949214,4030
1,11053,787,0,0,1156,1011,29298,0,41567264,44949191,4030
1,11063,779,0,0,1150,1003,29495,0,41567272,44949168,4020
1,10842,779,0,0,1145,998,29967,0,41567282,44949144,4030
1,10721,779,0,0,1125,1002,30329,0,41567294,44949124,4030
1,10760,778,0,0,1116,994,30854,0,41567307,44949104,4030
1,10808,779,0,0,1108,993,31233,0,41567321,44949086,4030
1,10783,781,0,0,1098,990,31571,0,41567336,44949069,4030
1,10836,784,0,0,1084,993,31983,0,41567352,44949054,4030
1,10934,788,0,0,1069,990,32276,0,41567367,44949039,4030
1,11023,790,0,0,1056,994,32538,0,41567384,44949024,4030
1,11021,793,0,0,1043,987,32788,0,41567401,44949011,4030
1,11043,796,0,0,1029,988,33014,0,41567419,44948999,4030
1,11080,800,0,0,1024,987,33277,0,41567437,44948988,4030
1,11041,806,0,0,1021,991,33378,0,41567456,44948976,4030
1,11142,809,0,0,1021,993,33444,0,41567472,44948964,4030
1,11189,812,0,0,1022,986,33517,0,41567491,44948953,4030
1,11217,815,0,0,1015,990,33576,0,41567511,44948943,4030
1,11711,821,0,0,1020,985,33655,0,41567529,44948931,4030
1,11286,825,0,0,1022,991,33696,0,41567547,44948921,4030
1,11413,829,0,0,1016,988,33712,0,41567567,44948911,4030
1,11439,834,0,0,1015,990,33787,0,41567586,44948901,4030
1,11411,836,0,0,1021,991,33851,0,41567606,44948891,4030
1,11487,841,0,0,1015,992,33848,0,41567624,44948881,4030
1,11850,844,0,0,1016,991,33940,0,41567644,44948871,4030
1,11995,846,0,0,1021,987,33983,0,41567664,44948861,4030
1,11625,850,0,0,1019,987,33985,0,41567684,44948851,4030
1,11668,856,0,0,1017,990,34038,0,41567704,44948843,4030
1,11730,860,0,0,1018,990,34097,0,41567724,44948833,4030
1,11762,863,0,0,1016,990,34123,0,41567744,44948824,4030
1,11813,867,0,0,1009,991,34175,0,41567766,44948814,4030
1,11850,871,0,0,1007,991,34232,0,41567786,44948806,4030
1,11902,873,0,0,999,992,34258,0,41567807,44948798,4030
1,11949,877,0,0,990,992,34292,0,41567827,44948789,4030
1,11976,880,0,0,980,995,34324,0,41567849,44948781,4030
1,12014,882,0,0,972,994,34359,0,41567869,44948773,4030
1,12045,885,0,0,964,994,34338,0,41567891,44948764,4030
1,12077,887,0,0,958,995,34347,0,41567912,44948756,4030
1,12123,889,0,0,954,994,34295,0,41567934,44948748,4030
1,12140,891,0,0,952,994,34235,0,41567954,44948739,4030
1,12182,893,0,0,944,994,34169,0,41567976,44948729,4030
1,12192,896,0,0,933,995,34066,0,41567996,44948719,4030
1,12205,898,0,0,917,996,33985,0,41568017,44948708,4030
1,12282,900,0,0,901,996,33879,0,41568039,44948698,4030
1,12282,902,0,0,879,998,33779,0,41568059,44948686,4040
1,12348,903,0,0,870,999,33694,0,41568079,44948674,4040
1,12414,903,0,0,859,1000,33507,0,41568099,44948661,4040
1,12448,903,0,0,842,1005,33324,0,41568119,44948646,4040
1,12406,903,0,0,843,1009,33064,0,41568139,44948631,4040
1,12430,900,0,0,842,1007,32803,0,41568157,44948614,4040
1,12510,895,0,0,839,1002,32504,0,41568176,44948596,4040
1,12412,894,0,0,824,1002,32224,0,41568192,44948578,4040
1,12573,894,0,0,787,1025,31930,0,41568209,44948558,4040
1,12327,892,0,0,750,1035,31494,0,41568224,44948536,4030
1,12430,875,0,0,744,1031,31233,0,41568239,44948513,4030
1,12610,855,0,0,742,1030,30917,0,41568252,44948489,4040
1,12417,849,0,0,746,1023,30606,0,41568264,44948464,4030
1,12070,839,0,0,794,1034,30118,0,41568274,44948438,4040
1,12074,826,0,0,830,1023,29123,0,41568277,44948409,4040
1,11836,818,0,0,836,1018,28416,0,41568281,44948381,4040
1,11627,808,0,0,836,1016,27986,0,41568282,44948353,4040
1,11643,804,0,0,851,1014,27593,0,41568284,44948326,4050
1,11538,800,0,0,858,1011,27099,0,41568282,44948298,4050
1,11297,792,0,0,855,1005,26695,0,41568281,44948271,4050
1,11229,791,0,0,869,996,26353,0,41568277,44948244,4050
1,11173,791,0,0,889,988,25960,0,41568272,44948218,4050
1,11225,791,0,0,903,981,25531,0,41568267,44948193,4060
1,11169,799,0,0,921,979,25207,0,41568261,44948168,4060
1,11121,808,0,0,943,986,24882,0,41568252,44948143,4060
1,11225,813,0,0,949,984,24494,0,41568242,44948119,4060
1,11246,818,0,0,948,984,24279,0,41568232,44948096,4060
1,11295,824,0,0,944,985,24128,0,41568222,44948071,4060
1,11370,830,0,0,931,990,23995,0,41568212,44948048,4060
1,11422,835,0,0,915,989,23910,0,41568202,44948024,4060
1,11503,837,0,0,895,991,23813,0,41568191,44948001,4060
1,11598,841,0,0,872,990,23678,0,41568179,44947978,4060
1,11730,846,0,0,843,999,23523,0,41568166,44947954,4060
1,11787,848,0,0,812,1006,23348,0,41568154,44947933,4060
1,11937,847,0,0,794,1021,23127,0,41568141,44947911,4060
1,12031,843,0,0,782,1032,22850,0,41568126,44947889,4060
1,11990,833,0,0,788,1024,22493,0,41568109,44947869,4060
1,11892,818,0,0,804,1009,22078,0,41568094,44947853,4060
1,11827,814,0,0,835,992,21572,0,41568076,44947836,4060
1,11614,819,0,0,859,988,20983,0,41568057,44947824,4070
1,11476,822,0,0,875,989,20454,0,41568037,44947814,4070
1,11467,827,0,0,878,990,19921,0,41568017,44947806,4070
1,11525,831,0,0,879,992,19555,0,41567997,44947799,4070
1,11603,833,0,0,879,990,19221,0,41567977,44947794,4070
1,11727,837,0,0,883,988,19004,0,41567956,44947791,4070
1,11755,841,0,0,895,986,18779,0,41567936,44947788,4070
1,11718,845,0,0,910,987,18458,0,41567914,44947786,4070
1,11682,851,0,0,925,990,18140,0,41567892,44947786,4080
1,11734,856,0,0,923,995,17833,0,41567871,44947788,4080
1,11794,858,0,0,923,993,17624,0,41567849,44947789,4080
1,11881,860,0,0,932,989,17458,0,41567827,44947793,4080
1,12212,863,0,0,940,985,17285,0,41567807,44947798,4080
1,12165,868,0,0,946,988,17137,0,41567786,44947801,4080
1,12055,874,0,0,955,988,17010,0,41567764,44947806,4080
1,12084,877,0,0,963,990,16787,0,41567742,44947813,4080
1,12145,881,0,0,965,985,16634,0,41567721,44947821,4080
1,12325,886,0,0,970,989,16562,0,41567701,44947828,4080
1,12210,891,0,0,981,989,16498,0,41567679,44947836,4080
1,12547,895,0,0,989,989,16444,0,41567657,44947844,4080
1,12207,898,0,0,991,992,16321,0,41567636,44947853,4080
1,12458,903,0,0,993,990,16261,0,41567614,44947861,4080
1,12320,905,0,0,994,988,16215,0,41567592,44947871,4080
1,12468,907,0,0,976,993,16203,0,41567571,44947879,4080
1,12479,915,0,0,963,1016,16253,0,41567549,44947889,4080
1,12338,915,0,0,955,1028,16217,0,41567527,44947898,4080
1,11741,902,0,0,937,1043,16181,0,41567506,44947908,4080
1,11792,890,0,0,909,1048,16153,0,41567484,44947918,4080
1,11448,876,0,0,898,1053,16156,0,41567462,44947928,4080
1,11363,853,0,0,876,1049,16025,0,41567441,44947938,4080
1,11084,836,0,0,853,1045,15847,0,41567421,44947948,4080
1,10881,821,0,0,841,1041,15721,0,41567401,44947959,4080
1,10611,802,0,0,838,1040,15488,0,41567382,44947971,4080
1,10531,789,0,0,834,1039,15163,0,41567364,44947986,4080
1,10357,777,0,0,844,1053,14863,0,41567347,44948001,4080
1,10121,759,0,0,849,1050,14368,0,41567332,44948018,4080
1,10020,739,0,0,853,1037,13912,0,41567319,44948034,4070
1,9845,721,0,0,858,1024,13463,0,41567306,44948053,4070
1,9749,712,0,0,858,1011,13024,0,41567294,44948073,4070
1,9805,706,0,0,858,1011,12584,0,41567284,44948093,4070
1,9981,702,0,0,858,1009,12137,0,41567276,44948113,4070
1,10050,699,0,0,856,1007,11656,0,41567269,44948134,4070
1,9935,695,0,0,854,1007,11189,0,41567262,44948156,4070
1,9986,693,0,0,855,1003,10768,0,41567257,44948179,4070
1,10011,691,0,0,855,1004,10287,0,41567254,44948203,4070
1,9845,689,0,0,855,1014,9805,0,41567252,44948226,4070
1,9813,688,0,0,864,1031,9312,0,41567252,44948249,4070
1,9626,680,0,0,854,1044,8781,0,41567254,44948273,4070
1,9205,664,0,0,863,1040,8314,0,41567257,44948294,4070
1,8983,647,0,0,858,1026,7839,0,41567261,44948318,4070
1,8913,635,0,0,854,1016,7328,0,41567266,44948339,4070
1,9154,628,0,0,851,1020,6764,0,41567274,44948359,4070
1,9129,624,0,0,855,1026,6341,0,41567281,44948378,4060
1,9078,615,0,0,846,1024,5577,0,41567291,44948394,4060
1,9051,603,0,0,853,1011,5183,0,41567301,44948411,4060
1,9049,597,0,0,868,996,4486,0,41567312,44948424,4060
1,8940,595,0,0,870,996,3746,0,41567326,44948436,4060
1,8963,599,0,0,879,1000,3193,0,41567339,44948446,4060
1,8849,601,0,0,879,1003,2429,0,41567352,44948453,4060
1,8766,597,0,0,884,1004,1776,0,41567367,44948458,4060
1,8700,596,0,0,880,1001,1196,0,41567382,44948461,4060
1,8653,597,0,0,881,1005,785,0,41567397,44948463,4060
1,8688,593,0,0,884,1007,261,0,41567412,44948463,4060
1,8709,592,0,0,892,1003,35716,0,41567427,44948461,4060
1,8718,590,0,0,895,1010,35068,0,41567442,44948458,4060
1,8661,588,0,0,902,998,34563,0,41567456,44948451,4060
1,8679,585,0,0,921,999,34055,0,41567471,44948444,4060
1,8453,585,0,0,938,979,33548,0,41567484,44948434,4060
1,8428,589,0,0,954,985,33054,0,41567496,44948424,4060
1,8142,598,0,0,970,975,32563,0,41567507,44948413,4060
1,8259,606,0,0,985,985,32125,0,41567519,44948399,4060
1,8406,612,0,0,988,978,31767,0,41567529,44948386,4060
1,8474,620,0,0,991,986,31704,0,41567541,44948373,4060
1,8559,626,0,0,996,979,31624,0,41567552,44948358,4060
1,8666,631,0,0,1003,977,31534,0,41567562,44948343,4060
1,8806,638,0,0,1008,973,31467,0,41567574,44948328,4060
1,8879,649,0,0,1016,978,31469,0,41567584,44948313,4050
1,8975,658,0,0,1037,985,31465,0,41567596,44948298,4050
1,9077,665,0,0,1052,982,31459,0,41567607,44948283,4050
1,9172,669,0,0,1070,985,31466,0,41567619,44948268,4050
1,9298,675,0,0,1083,981,31536,0,41567631,44948251,4050
1,9429,682,0,0,1102,992,31633,0,41567644,44948236,4050
1,9564,687,0,0,1102,989,31776,0,41567656,44948221,4050
1,9650,689,0,0,1116,988,32135,0,41567671,44948208,4050
1,9737,692,0,0,1120,982,32402,0,41567684,44948196,4050
1,9781,699,0,0,1129,989,32774,0,41567699,44948184,4050
1,9873,705,0,0,1126,991,33082,0,41567716,44948173,4050
1,9887,707,0,0,1134,991,33525,0,41567731,44948164,4050
1,10021,709,0,0,1134,991,33873,0,41567747,44948156,4050
1,10038,714,0,0,1124,1007,34343,0,41567766,44948151,4050
1,10104,716,0,0,1119,1026,34755,0,41567782,44948146,4050
1,9738,710,0,0,1126,1044,35192,0,41567801,44948143,4050
1,9425,696,0,0,1117,1044,35560,0,41567817,44948143,4050
1,8858,678,0,0,1123,1050,28,0,41567836,44948143,4050
1,8873,662,0,0,1131,1051,496,0,41567854,44948146,4050
1,8668,645,0,0,1144,1054,767,0,41567871,44948149,4050
1,8589,623,0,0,1148,1043,1179,0,41567886,44948154,4050
1,8479,606,0,0,1165,1036,1733,0,41567901,44948161,4050
1,8699,593,0,0,1157,1022,2161,0,41567916,44948169,4050
1,8566,581,0,0,1167,1019,2914,0,41567927,44948181,4050
1,8486,574,0,0,1153,1010,3441,0,41567939,44948193,4050
1,8164,571,0,0,1138,1014,4275,0,41567949,44948206,4050
1,8084,565,0,0,1118,1004,5108,0,41567957,44948221,4050
1,7877,561,0,0,1117,1005,6044,0,41567964,44948239,4040
1,7855,560,0,0,1106,997,6724,0,41567969,44948256,4050
1,7924,559,0,0,1107,1000,7582,0,41567971,44948274,4050
1,7978,559,0,0,1111,1000,8123,0,41567972,44948293,4050
1,7939,561,0,0,1115,1000,8619,0,41567972,44948311,4050
1,8060,558,0,0,1111,989,9107,0,41567971,44948329,4050
1,8127,558,0,0,1109,984,9759,0,41567967,44948348,4050
1,8157,567,0,0,1107,984,10340,0,41567962,44948364,4050
1,8171,573,0,0,1104,990,10917,0,41567957,44948381,4050
1,8210,575,0,0,1097,979,11504,0,41567951,44948398,4050
1,8274,580,0,0,1092,982,12059,0,41567942,44948414,4050
1,8285,589,0,0,1080,974,12594,0,41567932,44948429,4050
1,8332,596,0,0,1067,981,13102,0,41567922,44948443,4050
1,8397,604,0,0,1054,971,13586,0,41567911,44948456,4050
1,8468,613,0,0,1043,976,14021,0,41567899,44948468,4050
1,8591,621,0,0,1031,970,14383,0,41567886,44948479,4050
1,8671,632,0,0,1025,977,14747,0,41567872,44948489,4050
1,8784,642,0,0,1020,977,14939,0,41567859,44948499,4050
1,8911,650,0,0,1016,977,15083,0,41567846,44948511,4050
1,8911,650,0,0,1016,977,15083,0,41567839,44948515,4050
1,9088,657,0,0,1011,977,15209,0,41567831,44948519,4050
1,9164,667,0,0,1005,979,15297,0,41567816,44948529,4050
1,9269,675,0,0,1001,978,15385,0,41567801,44948539,4050
1,9401,681,0,0,994,975,15448,0,41567786,44948549,4050
1,9598,690,0,0,995,973,15490,0,41567771,44948558,4050
1,9655,700,0,0,999,975,15532,0,41567756,44948568,4050
1,9783,709,0,0,1004,975,15524,0,41567739,44948578,4050
1,9865,718,0,0,1006,975,15503,0,41567724,44948588,4050
1,9993,727,0,0,1008,976,15482,0,41567707,44948598,4050
1,10087,736,0,0,1004,978,15415,0,41567691,44948608,4050
1,10193,745,0,0,999,975,15467,0,41567674,44948618,4050
1,10296,752,0,0,991,978,15515,0,41567657,44948628,4050
1,10413,762,0,0,992,975,15580,0,41567641,44948638,4050
1,10520,770,0,0,994,979,15579,0,41567622,44948649,4050
1,10632,778,0,0,997,977,15555,0,41567606,44948659,4050
1,10727,786,0,0,1007,981,15542,0,41567587,44948669,4050
1,10828,794,0,0,1020,977,15517,0,41567571,44948681,4050
1,10930,801,0,0,1036,983,15472,0,41567552,44948693,4050
1,11037,809,0,0,1057,983,15479,0,41567534,44948704,4050
1,11150,815,0,0,1081,988,15484,0,41567516,44948714,4050
1,11261,819,0,0,1102,984,15512,0,41567497,44948726,4050
1,11355,825,0,0,1125,984,15608,0,41567477,44948738,4060
1,11463,831,0,0,1135,984,15729,0,41567459,44948748,4060
1,11542,837,0,0,1146,990,15932,0,41567439,44948756,4060
1,11648,842,0,0,1140,988,16181,0,41567419,44948764,4060
1,11707,844,0,0,1164,988,16486,0,41567399,44948771,4060
1,11769,848,0,0,1176,989,16823,0,41567377,44948776,4060
1,11836,854,0,0,1182,1000,17190,0,41567356,44948779,4060
1,11926,856,0,0,1185,1008,17496,0,41567336,44948781,4060
1,11897,853,0,0,1205,1010,17861,0,41567314,44948781,4060
1,11841,849,0,0,1176,1003,18083,0,41567292,44948779,4060
1,11869,846,0,0,1156,999,18666,0,41567271,44948776,4060
1,11827,845,0,0,1135,995,19165,0,41567249,44948768,4060
1,11815,848,0,0,1100,994,19532,0,41567229,44948759,4060
1,11691,849,0,0,1042,996,19937,0,41567211,44948749,4060
1,11560,852,0,0,996,1013,20391,0,41567191,44948738,4060
1,11585,853,0,0,950,1039,20656,0,41567172,44948724,4060
1,11580,844,0,0,914,1048,20934,0,41567154,44948709,4060
1,11076,824,0,0,885,1052,21061,0,41567136,44948694,4070
1,10851,806,0,0,873,1046,21067,0,41567117,44948681,4070
1,10451,790,0,0,864,1037,20866,0,41567099,44948668,4070
1,10544,771,0,0,856,1022,20590,0,41567081,44948656,4070
1,10956,764,0,0,845,1010,20327,0,41567062,44948646,4070
1,11179,763,0,0,847,1011,19990,0,41567044,44948639,4070
1,10930,759,0,0,840,1003,19593,0,41567026,44948633,4070
1,11117,755,0,0,841,998,19190,0,41567006,44948629,4070
1,10960,755,0,0,836,995,18748,0,41566987,44948626,4070
1,10869,758,0,0,853,1000,18345,0,41566967,44948626,4070
1,10771,759,0,0,852,994,17833,0,41566949,44948628,4070
1,10708,758,0,0,860,986,17451,0,41566929,44948631,4070
1,10640,761,0,0,860,989,16946,0,41566911,44948638,4070
1,10814,769,0,0,860,989,16510,0,41566892,44948644,4070
1,10871,771,0,0,857,997,16047,0,41566876,44948654,4070
1,10964,772,0,0,870,980,15775,0,41566857,44948664,4070
1,10970,776,0,0,882,980,15396,0,41566841,44948676,4070
1,10911,783,0,0,897,979,15012,0,41566824,44948689,4070
1,10907,794,0,0,925,982,14599,0,41566807,44948704,4070
1,10936,799,0,0,951,990,14162,0,41566792,44948723,4070
1,11025,804,0,0,961,984,13864,0,41566779,44948739,4060
1,11113,809,0,0,976,987,13668,0,41566764,44948759,4060
1,11146,813,0,0,996,982,13477,0,41566751,44948778,4060
1,11307,820,0,0,998,976,13274,0,41566737,44948799,4060
1,11393,826,0,0,995,974,13226,0,41566722,44948819,4060
1,11489,836,0,0,1004,971,13263,0,41566709,44948839,4070
1,11585,847,0,0,1004,976,13192,0,41566696,44948859,4060
1,11730,855,0,0,1000,976,13195,0,41566681,44948879,4060
1,11771,864,0,0,1002,982,13235,0,41566667,44948901,4060
1,11869,873,0,0,1000,982,13209,0,41566653,44948923,4060
1,11947,878,0,0,998,983,13213,0,41566638,44948944,4060
1,12038,883,0,0,1001,983,13249,0,41566623,44948964,4060
1,12128,891,0,0,997,981,13246,0,41566608,44948986,4060
1,12195,896,0,0,1000,988,13248,0,41566593,44949008,4060
1,12272,903,0,0,1001,981,13245,0,41566578,44949031,4060
1,12350,908,0,0,996,984,13229,0,41566563,44949053,4060
1,12424,912,0,0,994,979,13242,0,41566548,44949074,4060
1,12497,921,0,0,998,984,13264,0,41566531,44949098,4060
1,12565,928,0,0,993,987,13221,0,41566516,44949119,4060
1,12639,932,0,0,994,988,13253,0,41566501,44949143,4060
1,12698,937,0,0,995,987,13245,0,41566485,44949164,4060
1,12763,941,0,0,992,988,13213,0,41566470,44949188,4060
1,12828,945,0,0,988,986,13218,0,41566453,44949211,4060
1,12886,950,0,0,986,985,13217,0,41566438,44949234,4060
1,12958,955,0,0,985,985,13197,0,41566421,44949258,4060
1,13018,961,0,0,980,988,13196,0,41566406,44949281,4060
1,13086,966,0,0,979,988,13177,0,41566390,44949306,4060
1,13134,970,0,0,980,989,13150,0,41566375,44949329,4060
1,13195,974,0,0,981,987,13120,0,41566358,44949354,4060
1,13245,979,0,0,977,992,13082,0,41566341,44949379,4060
1,13327,983,0,0,984,989,13075,0,41566326,44949403,4060
1,13357,985,0,0,987,989,13016,0,41566310,44949428,4060
1,13416,989,0,0,988,986,12980,0,41566295,44949453,4050
1,13455,995,0,0,989,990,12961,0,41566278,44949479,4050
1,13507,999,0,0,995,991,12929,0,41566263,44949504,4050
1,13556,1002,0,0,993,1009,12894,0,41566248,44949531,4050
1,13593,1005,0,0,992,1028,12888,0,41566231,44949556,4050
1,13392,999,0,0,991,1051,12880,0,41566216,44949583,4050
1,12776,982,0,0,990,1056,12868,0,41566200,44949609,4050
1,12424,963,0,0,987,1065,12849,0,41566185,44949634,4050
1,12019,941,0,0,987,1064,12856,0,41566170,44949661,4050
1,11771,917,0,0,987,1072,12836,0,41566155,44949686,4050
1,10176,842,0,0,988,1069,12765,0,41566104.16001553,44949775.60785029,4050
