index,lat,lon,unk_u16,speed_raw
0,41.568132,44.948633,819,183
1,41.568151,44.948618,814,182
2,41.568166,44.948603,808,180
3,41.568182,44.948586,805,179
4,41.568197,44.948568,797,177
5,41.568211,44.948549,794,175
6,41.568224,44.948529,801,173
7,41.568236,44.948509,788,172
8,41.568247,44.948488,781,168
9,41.568256,44.948464,786,167
10,41.568264,44.948443,773,165
11,41.568271,44.948419,755,161
12,41.568274,44.948394,742,158
13,41.568276,44.948371,732,155
14,41.568277,44.948346,747,153
15,41.568277,44.948321,754,152
16,41.568277,44.948294,762,151
17,41.568276,44.948269,775,149
18,41.568274,44.948243,772,147
19,41.568271,44.948218,783,146
20,41.568266,44.948191,783,144
21,41.568259,44.948166,798,142
22,41.568254,44.948139,800,140
23,41.568246,44.948114,811,139
24,41.568237,44.948089,823,137
25,41.568229,44.948064,826,136
26,41.568219,44.948039,833,134
27,41.568207,44.948016,837,133
28,41.568196,44.947993,837,131
29,41.568182,44.947969,845,130
30,41.568169,44.947946,849,129
31,41.568156,44.947924,852,127
32,41.568141,44.947904,855,126
33,41.568124,44.947886,845,124
34,41.568107,44.947868,840,122
35,41.568089,44.947853,844,119
36,41.568072,44.947838,832,118
37,41.568052,44.947826,828,114
38,41.568032,44.947818,820,111
39,41.568012,44.947811,826,109
40,41.567992,44.947806,816,106
41,41.567971,44.947803,834,105
42,41.567949,44.947801,829,102
43,41.567927,44.947799,845,101
44,41.567906,44.947801,857,100
45,41.567884,44.947803,865,99
46,41.567862,44.947804,874,98
47,41.567841,44.947806,876,97
48,41.567819,44.947809,885,96
49,41.567796,44.947814,892,95
50,41.567774,44.947819,900,95
51,41.567752,44.947824,903,94
52,41.567729,44.947831,910,93
53,41.567707,44.947836,918,93
54,41.567684,44.947843,925,93
55,41.567662,44.947851,928,92
56,41.567639,44.947858,931,92
57,41.567616,44.947866,939,91
58,41.567594,44.947874,941,91
59,41.567571,44.947883,946,91
60,41.567547,44.947893,941,90
61,41.567526,44.947903,930,89
62,41.567506,44.947913,913,88
63,41.567484,44.947924,888,87
64,41.567464,44.947936,875,87
65,41.567446,44.947948,853,86
66,41.567427,44.947959,840,85
67,41.567409,44.947971,820,85
68,41.567391,44.947984,804,83
69,41.567376,44.947999,781,82
70,41.567359,44.948013,771,81
71,41.567344,44.948028,750,79
72,41.567331,44.948044,743,77
73,41.567317,44.948061,722,76
74,41.567306,44.948078,713,74
75,41.567294,44.948094,693,72
76,41.567284,44.948113,688,71
77,41.567276,44.948133,676,69
78,41.567267,44.948151,670,67
79,41.567261,44.948171,653,64
80,41.567256,44.948191,636,62
81,41.567251,44.948209,617,60
82,41.567249,44.948229,591,58
83,41.567247,44.948248,580,55
84,41.567247,44.948266,562,52
85,41.567247,44.948284,556,49
86,41.567251,44.948303,541,46
87,41.567254,44.948321,540,42
88,41.567259,44.948338,534,39
89,41.567266,44.948353,538,36
90,41.567272,44.948369,543,34
91,41.567281,44.948384,548,31
92,41.567289,44.948398,557,28
93,41.567301,44.948411,558,25
94,41.567312,44.948421,564,22
95,41.567324,44.948433,572,20
96,41.567337,44.948441,584,16
97,41.567351,44.948446,573,12
98,41.567366,44.948453,582,10
99,41.567381,44.948454,565,5
100,41.567396,44.948456,599,4
101,41.567411,44.948456,577,0
102,41.567426,44.948454,594,198
103,41.567441,44.948451,594,195
104,41.567456,44.948446,610,193
105,41.567471,44.948439,630,191
106,41.567486,44.948431,639,189
107,41.567501,44.948423,652,186
108,41.567516,44.948411,656,185
109,41.567531,44.948399,681,182
110,41.567544,44.948384,695,181
111,41.567557,44.948371,707,179
112,41.567572,44.948354,721,177
113,41.567586,44.948338,742,176
114,41.567599,44.948321,756,176
115,41.567614,44.948303,766,176
116,41.567627,44.948284,784,176
117,41.567642,44.948268,798,176
118,41.567659,44.948249,809,176
119,41.567674,44.948231,820,177
120,41.567689,44.948214,805,177
121,41.567704,44.948199,783,178
122,41.567719,44.948184,765,179
123,41.567736,44.948171,743,181
124,41.567751,44.948159,725,182
125,41.567766,44.948148,703,184
126,41.567781,44.948139,682,186
127,41.567797,44.948133,665,188
128,41.567812,44.948128,646,190
129,41.567827,44.948124,630,193
130,41.567842,44.948123,611,196
131,41.567857,44.948123,603,198
132,41.567871,44.948124,590,2
133,41.567886,44.948128,579,4
134,41.567899,44.948133,573,7
135,41.567912,44.948139,567,10
136,41.567924,44.948148,550,13
137,41.567936,44.948158,546,16
138,41.567946,44.948169,545,18
139,41.567954,44.948181,528,23
140,41.567961,44.948196,516,28
141,41.567967,44.948211,518,31
142,41.567972,44.948229,529,37
143,41.567976,44.948246,528,40
144,41.567977,44.948264,537,44
145,41.567977,44.948283,546,47
146,41.567977,44.948301,548,50
147,41.567974,44.948319,556,54
148,41.567971,44.948338,566,56
149,41.567967,44.948356,578,58
150,41.567961,44.948373,581,61
151,41.567954,44.948391,588,64
152,41.567946,44.948406,587,67
153,41.567936,44.948423,600,70
154,41.567926,44.948438,607,72
155,41.567914,44.948451,615,75
156,41.567901,44.948464,628,78
157,41.567887,44.948476,642,80
158,41.567872,44.948488,647,82
159,41.567857,44.948496,661,85
160,41.567842,44.948506,680,86
161,41.567826,44.948514,695,86
162,41.567809,44.948524,711,86
163,41.567794,44.948536,724,86
164,41.567776,44.948546,739,86
165,41.567759,44.948556,755,86
166,41.567741,44.948568,764,86
167,41.567724,44.948578,780,86
168,41.567706,44.948589,792,85
169,41.567687,44.948601,804,85
170,41.567669,44.948613,817,85
171,41.567651,44.948626,825,85
172,41.567631,44.948638,839,85
173,41.567612,44.948651,850,84
174,41.567594,44.948664,853,84
175,41.567574,44.948678,872,84
176,41.567554,44.948691,874,84
177,41.567536,44.948706,868,84
178,41.567517,44.948718,846,84
179,41.567499,44.948731,832,84
180,41.567481,44.948743,810,85
181,41.567462,44.948753,794,87
182,41.567444,44.948761,779,88
183,41.567426,44.948769,770,90
184,41.567407,44.948774,771,91
185,41.567389,44.948781,775,93
186,41.567369,44.948784,780,94
187,41.567349,44.948786,782,96
188,41.567331,44.948788,776,97
189,41.567312,44.948788,771,100
190,41.567292,44.948786,757,101
191,41.567276,44.948781,741,104
192,41.567257,44.948774,742,107
193,41.567241,44.948766,739,109
194,41.567224,44.948758,730,110
195,41.567207,44.948748,736,113
196,41.567191,44.948734,737,115
197,41.567176,44.948721,733,117
198,41.567161,44.948708,736,118
199,41.567146,44.948694,731,118
200,41.567131,44.948681,733,117
201,41.567114,44.948669,728,116
202,41.567097,44.948659,723,114
203,41.567081,44.948651,723,112
204,41.567064,44.948644,710,110
205,41.567046,44.948639,704,108
206,41.567029,44.948636,698,106
207,41.567011,44.948634,685,103
208,41.566994,44.948634,671,100
209,41.566976,44.948634,688,99
210,41.566959,44.948639,679,95
211,41.566942,44.948644,688,94
212,41.566926,44.948651,688,91
213,41.566909,44.948659,694,88
214,41.566892,44.948669,704,86
215,41.566877,44.948681,720,84
216,41.566861,44.948693,740,83
217,41.566844,44.948706,757,82
218,41.566827,44.948721,772,81
219,41.566812,44.948734,780,80
220,41.566796,44.948751,794,79
221,41.566779,44.948768,810,79
222,41.566764,44.948784,819,78
223,41.566747,44.948803,831,77
224,41.566732,44.948821,842,76
225,41.566717,44.948841,854,76
226,41.566701,44.948861,864,75
227,41.566686,44.948881,875,74
228,41.566671,44.948903,884,74
229,41.566655,44.948924,896,74
230,41.56664,44.948946,902,73
231,41.566625,44.948969,908,73
232,41.566608,44.948991,920,74
233,41.566593,44.949013,920,74
234,41.566576,44.949036,932,74
235,41.56656,44.949058,935,74
236,41.566545,44.949081,944,74
237,41.566528,44.949104,946,74
238,41.566511,44.949128,950,73
239,41.566495,44.949151,958,73
240,41.566478,44.949174,960,73
241,41.566463,44.949198,960,73
242,41.566446,44.949223,970,73
243,41.56643,44.949246,968,73
244,41.566415,44.949269,971,73
245,41.566398,44.949294,976,73
246,41.566381,44.949319,978,73
247,41.566366,44.949344,979,72
248,41.56635,44.949368,983,72
249,41.566333,44.949393,987,72
250,41.566318,44.949418,991,72
251,41.566301,44.949443,992,72
252,41.566285,44.949468,994,72
253,41.56627,44.949494,999,72
254,41.566253,44.949519,999,72
255,41.566236,44.949544,1006,72
256,41.566221,44.949571,1003,72
257,41.566205,44.949596,1001,71
258,41.56619,44.949623,989,71
259,41.566175,44.949648,970,71
260,41.56616,44.949671,948,71
261,41.566146,44.949696,926,71
262,41.566131,44.949719,904,71
263,41.566118,44.949743,885,71
264,41.566106,44.949764,861,70
265,41.566093,44.949788,836,70
266,41.566081,44.949808,814,70
267,41.56607,44.949829,790,70
268,41.56606,44.949851,768,69
269,41.56605,44.949873,769,67
270,41.566041,44.949896,768,65
271,41.566033,44.949918,763,64
272,41.566026,44.949943,764,62
273,41.56602,44.949966,771,61
274,41.566015,44.949991,772,60
275,41.56601,44.950016,759,57
276,41.566008,44.950041,762,56
277,41.566006,44.950065,753,53
278,41.566006,44.950091,758,52
279,41.566006,44.950116,748,49
280,41.566008,44.950141,750,48
281,41.56601,44.950166,759,47
282,41.566015,44.950191,743,44
283,41.56602,44.950215,741,42
284,41.566026,44.950238,736,39
285,41.566033,44.950261,743,38
286,41.566043,44.950283,754,35
287,41.566051,44.950306,764,34
288,41.566061,44.95033,782,33
289,41.566073,44.950351,795,31
290,41.566085,44.950373,808,31
291,41.566098,44.950395,811,29
292,41.56611,44.950416,826,28
293,41.566125,44.950438,843,27
294,41.566138,44.95046,851,27
295,41.566153,44.950481,868,27
296,41.566168,44.950503,876,27
297,41.566183,44.950526,887,27
298,41.566196,44.95055,899,28
299,41.56621,44.950573,910,28
300,41.566225,44.950598,911,29
301,41.566238,44.950623,922,30
302,41.566251,44.950648,929,30
303,41.566265,44.950675,933,30
304,41.566278,44.950701,941,31
305,41.56629,44.950726,935,31
306,41.566303,44.950751,929,31
307,41.566316,44.950776,918,31
308,41.566328,44.950801,898,31
309,41.56634,44.950826,878,31
310,41.566353,44.95085,857,31
311,41.566365,44.950871,838,30
312,41.566376,44.950893,816,30
313,41.566386,44.950915,798,30
314,41.566398,44.950936,780,29
315,41.56641,44.950955,771,29
316,41.566423,44.950975,761,28
317,41.566435,44.950991,733,26
318,41.566448,44.951006,696,24
319,41.566461,44.95102,693,21
320,41.566475,44.951033,681,20
321,41.56649,44.951043,663,17
322,41.566505,44.951053,658,15
323,41.56652,44.95106,647,12
324,41.566535,44.951066,643,11
325,41.566551,44.951071,636,8
326,41.566566,44.951075,625,6
327,41.566581,44.951078,623,4
328,41.566598,44.951078,623,1
329,41.566613,44.951076,621,199
330,41.566626,44.951071,590,195
331,41.566641,44.951066,581,192
332,41.566653,44.951058,563,188
333,41.566665,44.95105,548,186
334,41.566676,44.951041,543,183
335,41.566686,44.951028,543,179
336,41.566696,44.951015,552,176
337,41.566706,44.951,558,172
338,41.566712,44.950985,552,169
339,41.566719,44.950968,559,166
340,41.566724,44.950951,558,163
341,41.566727,44.950933,562,160
342,41.566729,44.950915,567,156
343,41.566731,44.950896,575,154
344,41.566732,44.950876,579,151
345,41.566731,44.950856,584,149
346,41.566727,44.950836,599,146
347,41.566724,44.950818,606,143
348,41.566719,44.950798,609,140
349,41.566712,44.95078,610,137
350,41.566704,44.950761,619,134
351,41.566696,44.950745,620,131
352,41.566684,44.950728,635,129
353,41.566674,44.950711,639,127
354,41.566661,44.950698,656,124
355,41.566648,44.950683,661,122
356,41.566635,44.950671,664,120
357,41.56662,44.95066,674,118
358,41.566605,44.950648,693,117
359,41.56659,44.950636,709,116
360,41.566575,44.950623,724,117
361,41.566558,44.950611,742,117
362,41.566541,44.950598,752,117
363,41.566526,44.950585,764,117
364,41.56651,44.95057,776,117
365,41.566493,44.950556,792,118
366,41.566476,44.950541,800,118
367,41.56646,44.950525,814,119
368,41.566443,44.950508,827,120
369,41.566428,44.95049,832,121
370,41.566411,44.950471,841,123
371,41.566396,44.950451,853,124
372,41.566381,44.95043,864,125
373,41.566368,44.950408,870,126
374,41.566355,44.950385,878,128
375,41.566341,44.950361,880,129
376,41.566331,44.950336,881,131
377,41.56632,44.950311,884,133
378,41.566311,44.950285,885,135
379,41.566301,44.950258,879,136
380,41.566295,44.95023,876,138
381,41.56629,44.950201,873,140
382,41.566285,44.950173,874,142
383,41.566281,44.950145,863,144
384,41.56628,44.950116,865,146
385,41.56628,44.950088,851,148
386,41.566281,44.95006,850,150
387,41.566283,44.950031,851,152
388,41.566288,44.950005,843,154
389,41.566293,44.949976,854,156
390,41.566298,44.949949,842,158
391,41.566306,44.949923,840,161
392,41.566316,44.949898,846,162
393,41.566326,44.949873,844,164
394,41.566336,44.949848,850,166
395,41.56635,44.949824,861,168
396,41.566361,44.949801,862,169
397,41.566376,44.949779,867,171
398,41.566391,44.949756,878,172
399,41.566406,44.949734,890,172
400,41.566421,44.949711,899,172
401,41.566435,44.949688,906,172
402,41.56645,44.949666,912,172
403,41.566465,44.949641,922,172
404,41.56648,44.949618,927,172
405,41.566495,44.949594,933,172
406,41.56651,44.949571,939,172
407,41.566526,44.949546,944,172
408,41.566541,44.949523,948,172
409,41.566556,44.949498,952,172
410,41.566573,44.949474,956,172
411,41.566588,44.949449,960,172
412,41.566605,44.949426,957,172
413,41.56662,44.949403,940,172
414,41.566635,44.949379,916,173
415,41.56665,44.949358,894,173
416,41.566663,44.949336,868,173
417,41.566677,44.949316,843,173
418,41.566691,44.949296,817,173
419,41.566704,44.949276,793,173
420,41.566716,44.949258,763,173
421,41.566727,44.949239,739,173
422,41.566739,44.949223,715,173
423,41.566751,44.949206,692,173
424,41.566762,44.949189,669,174
425,41.566774,44.949176,643,175
426,41.566786,44.949163,616,177
427,41.566797,44.949151,595,180
428,41.566811,44.949143,580,182
429,41.566824,44.949134,571,185
430,41.566836,44.949128,562,187
431,41.566849,44.949123,556,190
432,41.566864,44.949121,553,194
433,41.566877,44.949119,545,196
434,41.566891,44.949119,536,199
435,41.566902,44.949121,526,2
436,41.566916,44.949126,532,5
437,41.566929,44.949131,522,8
438,41.566941,44.949138,514,11
439,41.566951,44.949146,512,15
440,41.566961,44.949156,515,17
441,41.566971,44.949166,512,20
442,41.566981,44.949179,515,23
443,41.566987,44.949194,515,27
444,41.566994,44.949209,520,30
445,41.567001,44.949224,530,34
446,41.567006,44.949243,548,37
447,41.567009,44.949261,548,40
448,41.567012,44.949278,549,42
449,41.567014,44.949298,566,44
450,41.567014,44.949318,584,48
451,41.567014,44.949336,582,49
452,41.567012,44.949358,606,51
453,41.567009,44.949378,610,53
454,41.567006,44.949398,625,56
455,41.566999,44.949416,625,59
456,41.566994,44.949436,636,61
457,41.566986,44.949456,645,64
458,41.566976,44.949473,651,67
459,41.566966,44.949491,661,69
460,41.566954,44.949508,681,72
461,41.566941,44.949524,693,74
462,41.566927,44.949541,709,76
463,41.566914,44.949556,727,77
464,41.566899,44.949571,742,79
465,41.566882,44.949584,757,80
466,41.566867,44.949599,770,80
467,41.566851,44.949614,785,81
468,41.566832,44.949628,798,81
469,41.566816,44.949643,815,81
470,41.566799,44.949658,823,82
471,41.566781,44.949673,837,82
472,41.566762,44.949688,852,82
473,41.566744,44.949703,862,81
474,41.566726,44.949719,873,81
475,41.566709,44.949736,879,80
476,41.566691,44.949753,869,80
477,41.566674,44.949771,855,79
478,41.566658,44.949788,841,79
479,41.566641,44.949804,821,79
480,41.566626,44.949821,806,78
481,41.566611,44.949838,781,78
482,41.566596,44.949854,770,77
483,41.566583,44.949869,745,77
484,41.566571,44.949886,725,75
485,41.566558,44.949903,702,74
486,41.566548,44.949919,674,72
487,41.566538,44.949938,666,71
488,41.56653,44.949956,660,69
489,41.566521,44.949974,648,67
490,41.566515,44.949994,641,65
491,41.56651,44.950015,647,63
492,41.566505,44.950035,632,61
493,41.566501,44.950055,628,59
494,41.5665,44.950075,608,55
495,41.5665,44.950095,596,52
496,41.566501,44.950115,601,49
497,41.566505,44.950135,594,45
498,41.56651,44.950155,597,42
499,41.566515,44.950173,589,40
500,41.566521,44.950191,585,37
501,41.566528,44.950208,592,34
502,41.566536,44.950225,583,32
503,41.566546,44.950238,578,28
504,41.566556,44.950251,574,26
505,41.566568,44.950265,576,23
506,41.56658,44.950275,569,20
507,41.566593,44.950283,561,17
508,41.566606,44.950291,564,14
509,41.56662,44.950296,562,11
510,41.566633,44.950301,562,8
511,41.566648,44.950305,581,5
512,41.566663,44.950306,588,4
513,41.566677,44.950305,586,0
514,41.566694,44.950303,603,198
515,41.566709,44.9503,602,194
516,41.566724,44.950293,614,191
517,41.566739,44.950285,626,189
518,41.566752,44.950275,637,186
519,41.566767,44.950265,644,183
520,41.566779,44.95025,647,180
521,41.566792,44.950235,663,177
522,41.566804,44.95022,684,176
523,41.566816,44.950201,690,173
524,41.566827,44.950183,707,171
525,41.566837,44.950163,716,169
526,41.566846,44.950141,726,167
527,41.566854,44.95012,742,165
528,41.566862,44.950098,751,165
529,41.566871,44.950075,761,165
530,41.566881,44.950053,773,165
531,41.566891,44.95003,787,166
532,41.566902,44.950008,796,167
533,41.566912,44.949984,806,168
534,41.566926,44.949963,816,169
535,41.566937,44.949941,827,170
536,41.566951,44.949919,839,171
537,41.566966,44.949898,850,172
538,41.566981,44.949876,858,173
539,41.566994,44.949854,869,173
540,41.567011,44.949834,880,174
541,41.567026,44.949813,887,174
542,41.567042,44.949793,896,175
543,41.567059,44.949771,905,175
544,41.567076,44.949751,911,176
545,41.567092,44.949731,904,176
546,41.567107,44.949711,880,176
547,41.567122,44.949691,858,175
548,41.567137,44.949671,837,174
549,41.567151,44.949651,833,173
550,41.567164,44.949629,831,171
551,41.567176,44.949606,829,170
552,41.567186,44.949583,825,168
553,41.567196,44.949559,824,166
554,41.567204,44.949534,818,165
555,41.567212,44.949509,814,163
556,41.567217,44.949486,788,160
557,41.567222,44.949459,781,158
558,41.567224,44.949436,755,156
559,41.567226,44.949411,745,152
560,41.567226,44.949386,752,152
561,41.567227,44.949361,743,151
562,41.567229,44.949336,752,152
563,41.567231,44.949311,746,153
564,41.567234,44.949288,741,155
565,41.567239,44.949264,734,156
566,41.567246,44.949241,723,159
567,41.567252,44.949219,728,161
568,41.567259,44.949198,717,162
569,41.567267,44.949176,713,164
570,41.567277,44.949156,693,166
571,41.567287,44.949138,700,169
572,41.567299,44.949119,704,170
573,41.567311,44.949101,709,172
574,41.567322,44.949083,720,173
575,41.567337,44.949068,731,176
576,41.567351,44.949051,738,177
577,41.567366,44.949036,748,178
578,41.567382,44.949021,766,180
579,41.567401,44.949009,778,182
580,41.567417,44.948996,790,183
581,41.567436,44.948984,807,185
582,41.567456,44.948974,817,186
583,41.567476,44.948964,830,187
584,41.567496,44.948954,845,188
585,41.567516,44.948944,855,188
586,41.567536,44.948936,864,189
587,41.567557,44.948926,878,189
588,41.567579,44.948918,887,189
589,41.567599,44.948908,893,190
590,41.567621,44.948899,901,190
591,41.567644,44.948889,914,190
592,41.567666,44.948881,915,190
593,41.567687,44.948871,930,190
594,41.567709,44.948861,927,190
595,41.567731,44.948851,932,189
596,41.567754,44.948841,941,189
597,41.567776,44.948831,944,189
598,41.567799,44.948821,952,189
599,41.567821,44.948809,954,189
600,41.567844,44.948799,957,188
601,41.567866,44.948788,962,188
602,41.567889,44.948776,963,188
603,41.567911,44.948764,971,188
604,41.567934,44.948751,971,187
605,41.567957,44.948739,974,187
606,41.567979,44.948726,964,187
607,41.568001,44.948714,961,187
608,41.568022,44.948703,941,187
609,41.568042,44.948689,920,186
610,41.568064,44.948678,902,186
611,41.568082,44.948666,876,186
612,41.568102,44.948653,860,185
613,41.568119,44.948639,837,184
